{"Oslo": {"08": {"max_ext": [0.29548, -99.0, -99.0, -99.0, -99.0, -99.0, -99.0, -99.0, -99.0, -99.0, -99.0, -99.0, -99.0, -99.0, -99.0, -99.0, -99.0, -99.0, -99.0, -99.0, -99.0, -99.0, -99.0, -99.0], "scene": ["cloud", "cloud", "cloud", "cloud", "cloud", "cloud", "cloud", "cloud", "cloud", "cloud", "cloud", "cloud", "cloud", "cloud", "cloud", "cloud", "cloud", "cloud", "cloud", "cloud", "cloud", "cloud", "cloud", "cloud"]}, "23": {"max_ext": [0.00304, 0.00314, 0.01441, 0.66827, -99.0, -99.0, 0.01425, 0.00453, 0.00622, 0.01191, 0.00625, 0.00552, 0.0068, 0.00336, 0.00247, 0.00304, 0.00412, 0.00547, 0.00461, 0.00167, 0.00239, 0.00304, 0.00383, 0.00547], "scene": ["aer", "cloud", "cloud", "cloud", "cloud", "cloud", "cloud", "cloud", "aer", "aer", "aer", "aer", "aer", "aer", "aer", "aer", "aer", "cloud", "cloud", "cloud", "cloud", "aer", "aer", "aer"]}, "21": {"max_ext": [0.00425, -99.0, -99.0, -99.0, -99.0, -99.0, 0.00264, -99.0, 0.00176, 0.08383, -99.0, 0.00642, 0.00335, 0.00725, 0.01851, 0.00968, 0.01554, -99.0, 0.42052, 0.04685, -99.0, -99.0, -99.0, -99.0], "scene": ["cloud", "cloud", "cloud", "cloud", "cloud", "cloud", "cloud", "cloud", "cloud", "cloud", "cloud", "cloud", "cloud", "cloud", "cloud", "cloud", "cloud", "cloud", "cloud", "cloud", "cloud", "cloud", "cloud", "cloud"]}, "24": {"max_ext": [0.00376, 0.00619, 0.00287, 0.0033, 0.00342, 0.0043, 0.00344, 0.00427, 0.00287, 0.00471, 0.0062, 0.00693, 0.00498, 0.00383, 0.00486, 0.0057, 0.00489, 0.00548, 0.00325, 0.00413, 0.00337, 0.00502, 0.00712, 0.00539], "scene": ["aer", "aer", "aer", "aer", "aer", "cloud", "cloud", "cloud", "aer", "aer", "aer", "aer", "aer", "aer", "aer", "aer", "aer", "aer", "aer", "aer", "aer", "aer", "aer", "aer"]}, "ele": "0", "09": {"max_ext": [1.2747, -99.0, -99.0, -99.0, -99.0, -99.0, -99.0, -99.0, -99.0, -99.0, -99.0, -99.0, -99.0, -99.0, -99.0, -99.0, -99.0, -99.0, -99.0, -99.0, -99.0, -99.0, -99.0, -99.0], "scene": ["cloud", "cloud", "cloud", "cloud", "cloud", "cloud", "cloud", "cloud", "cloud", "cloud", "cloud", "cloud", "cloud", "cloud", "cloud", "cloud", "cloud", "cloud", "cloud", "cloud", "cloud", "cloud", "cloud", "cloud"]}, "name": "Oslo", "16": {"max_ext": [-99.0, -99.0, -99.0, -99.0, -99.0, -99.0, -99.0, -99.0, -99.0, -99.0, -99.0, 0.0339, -99.0, -99.0, -99.0, -99.0, -99.0, -99.0, -99.0, -99.0, -99.0, -99.0, -99.0, -99.0], "scene": ["cloud", "cloud", "cloud", "cloud", "cloud", "cloud", "cloud", "cloud", "cloud", "cloud", "cloud", "cloud", "cloud", "cloud", "cloud", "cloud", "cloud", "cloud", "cloud", "cloud", "cloud", "cloud", "cloud", "cloud"]}, "13": {"max_ext": [0.0409, 0.00617, 0.01086, 0.01017, -99.0, -99.0, -99.0, -99.0, 0.00274, 0.00327, 0.0024, 0.00242, 0.00423, 0.004, 0.0022, 0.00417, 0.00299, 0.00284, 0.00285, 0.00395, 0.00254, 0.00314, 0.00314, 0.00289], "scene": ["cloud", "cloud", "cloud", "cloud", "cloud", "cloud", "cloud", "cloud", "cloud", "aer", "aer", "aer", "aer", "aer", "aer", "aer", "aer", "aer", "aer", "aer", "aer", "aer", "cloud", "cloud"]}, "06": {"max_ext": [-99.0, -99.0, -99.0, -99.0, -99.0, 1.4954, -99.0, -99.0, -99.0, -99.0, -99.0, -99.0, -99.0, -99.0, -99.0, -99.0, -99.0, -99.0, -99.0, -99.0, -99.0, -99.0, -99.0, -99.0], "scene": ["cloud", "cloud", "cloud", "cloud", "cloud", "cloud", "cloud", "cloud", "cloud", "cloud", "cloud", "cloud", "cloud", "cloud", "cloud", "cloud", "cloud", "cloud", "cloud", "cloud", "cloud", "cloud", "cloud", "cloud"]}, "12": {"max_ext": [-99.0, -99.0, -99.0, -99.0, 0.08218, 0.07368, 0.2399, 0.02681, 0.00996, -99.0, 0.02255, 0.01053, 0.01034, 0.01336, 0.0839, 0.01834, 0.01206, 0.0103, 0.00457, 0.01724, -99.0, -99.0, -99.0, 0.001], "scene": ["cloud", "cloud", "cloud", "cloud", "cloud", "cloud", "cloud", "cloud", "cloud", "cloud", "cloud", "cloud", "cloud", "cloud", "cloud", "cloud", "cloud", "cloud", "cloud", "cloud", "cloud", "cloud", "cloud", "cloud"]}, "10": {"max_ext": [-99.0, -99.0, -99.0, -99.0, -99.0, -99.0, -99.0, -99.0, -99.0, -99.0, -99.0, -99.0, -99.0, -99.0, -99.0, -99.0, -99.0, -99.0, -99.0, -99.0, -99.0, -99.0, -99.0, -99.0], "scene": ["cloud", "cloud", "cloud", "cloud", "cloud", "cloud", "cloud", "cloud", "cloud", "cloud", "cloud", "cloud", "cloud", "cloud", "cloud", "cloud", "cloud", "cloud", "cloud", "cloud", "cloud", "cloud", "cloud", "cloud"]}, "15": {"max_ext": [-99.0, -99.0, -99.0, -99.0, -99.0, -99.0, -99.0, -99.0, -99.0, -99.0, -99.0, -99.0, -99.0, -99.0, -99.0, -99.0, -99.0, -99.0, -99.0, -99.0, -99.0, -99.0, -99.0, -99.0], "scene": ["cloud", "cloud", "cloud", "cloud", "cloud", "cloud", "cloud", "cloud", "cloud", "cloud", "cloud", "cloud", "cloud", "cloud", "cloud", "cloud", "cloud", "cloud", "cloud", "cloud", "cloud", "cloud", "cloud", "cloud"]}, "25": {"max_ext": [0.00516, 0.00544, 0.00958, 0.00768, 0.00414, 0.00298, 0.00452, -99.0, -99.0, -99.0, -99.0, 0.7027, -99.0, -99.0, -99.0, -99.0, -99.0, -99.0, -99.0, -99.0, -99.0, -99.0, -99.0, -99.0], "scene": ["aer", "aer", "aer", "aer", "aer", "cloud", "cloud", "cloud", "cloud", "cloud", "cloud", "cloud", "cloud", "cloud", "cloud", "cloud", "cloud", "cloud", "cloud", "cloud", "cloud", "cloud", "cloud", "cloud"]}, "lon": "10.75", "lat": "59.91", "22": {"max_ext": [-99.0, -99.0, -99.0, -99.0, -99.0, -99.0, -99.0, -99.0, -99.0, -99.0, -99.0, 0.02306, 0.27775, 0.0343, 0.602, 0.19337, 0.0037, -99.0, -99.0, 0.00661, 0.57282, 0.01542, 0.00673, 0.0029], "scene": ["cloud", "cloud", "cloud", "cloud", "cloud", "cloud", "cloud", "cloud", "cloud", "cloud", "cloud", "cloud", "cloud", "cloud", "cloud", "cloud", "cloud", "cloud", "cloud", "cloud", "cloud", "cloud", "cloud", "cloud"]}, "07": {"max_ext": [-99.0, -99.0, -99.0, -99.0, -99.0, -99.0, -99.0, -99.0, -99.0, -99.0, -99.0, -99.0, -99.0, 0.11721, 0.21006, -99.0, -99.0, -99.0, -99.0, -99.0, -99.0, -99.0, -99.0, 0.20467], "scene": ["cloud", "cloud", "cloud", "cloud", "cloud", "cloud", "cloud", "cloud", "cloud", "cloud", "cloud", "cloud", "cloud", "cloud", "cloud", "cloud", "cloud", "cloud", "cloud", "cloud", "cloud", "cloud", "cloud", "cloud"]}, "wav": "1064", "19": {"max_ext": [-99.0, -99.0, -99.0, -99.0, -99.0, -99.0, -99.0, -99.0, -99.0, -99.0, -99.0, 0.0141, 0.01134, -99.0, -99.0, -99.0, 0.00611, 0.00333, 0.00381, 0.0025, -99.0, -99.0, -99.0, -99.0], "scene": ["cloud", "cloud", "cloud", "cloud", "cloud", "cloud", "cloud", "cloud", "cloud", "cloud", "cloud", "cloud", "cloud", "cloud", "cloud", "cloud", "cloud", "cloud", "cloud", "cloud", "cloud", "cloud", "cloud", "cloud"]}, "18": {"max_ext": [0.00938, -99.0, -99.0, -99.0, -99.0, -99.0, -99.0, -99.0, -99.0, -99.0, -99.0, -99.0, -99.0, -99.0, -99.0, -99.0, -99.0, -99.0, -99.0, -99.0, -99.0, -99.0, -99.0, -99.0], "scene": ["cloud", "cloud", "cloud", "cloud", "cloud", "cloud", "cloud", "cloud", "cloud", "cloud", "cloud", "cloud", "cloud", "cloud", "cloud", "cloud", "cloud", "cloud", "cloud", "cloud", "cloud", "cloud", "cloud", "cloud"]}, "11": {"max_ext": [-99.0, -99.0, -99.0, -99.0, -99.0, -99.0, -99.0, -99.0, -99.0, -99.0, -99.0, -99.0, -99.0, -99.0, 0.75986, 0.09318, 0.03438, 0.02879, 0.16287, -99.0, -99.0, -99.0, -99.0, -99.0], "scene": ["cloud", "cloud", "cloud", "cloud", "cloud", "cloud", "cloud", "cloud", "cloud", "cloud", "cloud", "cloud", "cloud", "cloud", "cloud", "cloud", "cloud", "cloud", "cloud", "cloud", "cloud", "cloud", "cloud", "cloud"]}, "20": {"max_ext": [-99.0, 1.47204, -99.0, 0.00905, 0.02061, 0.15998, -99.0, -99.0, -99.0, -99.0, -99.0, -99.0, -99.0, -99.0, -99.0, -99.0, -99.0, -99.0, -99.0, -99.0, -99.0, -99.0, -99.0, 0.07125], "scene": ["cloud", "cloud", "cloud", "cloud", "cloud", "cloud", "cloud", "cloud", "cloud", "cloud", "cloud", "cloud", "cloud", "cloud", "cloud", "cloud", "cloud", "cloud", "cloud", "cloud", "cloud", "cloud", "cloud", "cloud"]}, "26": {"max_ext": [0.08665, 0.00533, 0.00169, 0.00437, -99.0, -99.0, -99.0, -99.0, 0.0943, 0.45129, 0.03525, 0.01971, 0.0225, 0.0199, 0.02451, 0.04489, -99.0, -99.0, -99.0, -99.0, -99.0, -99.0, -99.0, -99.0],