{"Oslo": {"08": {"max_ext": [0.01953, 0.01384, 0.00842, -99.0, -99.0, -99.0, -99.0, -99.0, -99.0, -99.0, -99.0, -99.0, -99.0, -99.0, -99.0, 0.0089, 0.00951, 0.00716, 0.0027, -99.0, -99.0, -99.0, 0.00402, 0.00185], "scene": ["cloud", "cloud", "cloud", "cloud", "cloud", "cloud", "cloud", "cloud", "cloud", "cloud", "cloud", "cloud", "cloud", "cloud", "cloud", "cloud", "cloud", "cloud", "cloud", "cloud", "cloud", "cloud", "cloud", "cloud"]}, "23": {"max_ext": [-99.0, -99.0, -99.0, -99.0, -99.0, -99.0, -99.0, -99.0, -99.0, -99.0, -99.0, -99.0, -99.0, -99.0, -99.0, -99.0, -99.0, 0.00675, 0.0033, 0.0067, 0.00565, 0.00411, 0.003, 0.00796], "scene": ["cloud", "cloud", "cloud", "cloud", "cloud", "cloud", "cloud", "cloud", "cloud", "cloud", "cloud", "cloud", "cloud", "cloud", "cloud", "cloud", "cloud", "cloud", "cloud", "cloud", "cloud", "cloud", "aer", "cloud"]}, "21": {"max_ext": [0.00362, 0.00397, 0.00183, 0.00221, 0.00303, 0.0046, 0.0057, 0.0457, -99.0, -99.0, 0.01797, 0.01363, 0.0134, -99.0, 0.01356, 0.00371, 0.00333, 0.0023, 0.00343, 0.00279, 0.00211, 0.00234, 0.00315, -99.0], "scene": ["cloud", "cloud", "cloud", "aer", "aer", "aer", "aer", "cloud", "cloud", "cloud", "cloud", "cloud", "cloud", "cloud", "cloud", "cloud", "cloud", "cloud", "cloud", "cloud", "cloud", "aer", "cloud", "cloud"]}, "19": {"max_ext": [-99.0, 0.0027, 0.00463, 0.00252, 0.00316, 0.00305, 0.00399, 0.00321, 0.00261, 0.00296, 0.0315, 0.00813, 0.00219, 0.00162, 0.00169, 0.00306, 0.00344, 0.0019, 0.00162, 0.0023, 0.00226, 0.00234, 0.03248, 0.03329], "scene": ["cloud", "cloud", "aer", "cloud", "cloud", "cloud", "cloud", "cloud", "cloud", "cloud", "cloud", "cloud", "cloud", "cloud", "cloud", "aer", "cloud", "cloud", "cloud", "cloud", "cloud", "cloud", "cloud", "cloud"]}, "ele": "0", "04": {"max_ext": [0.00828, 0.00682, 0.00983, 0.02301, 0.02058, 0.2446, 0.77679, 1.11444, 0.00465, 0.00401, 0.0533, 0.3624, -99.0, -99.0, 0.3599, -99.0, -99.0, -99.0, -99.0, -99.0, -99.0, 0.02904, 0.02215, 0.0091], "scene": ["cloud", "cloud", "cloud", "cloud", "cloud", "cloud", "cloud", "cloud", "cloud", "cloud", "cloud", "cloud", "cloud", "cloud", "cloud", "cloud", "cloud", "cloud", "cloud", "cloud", "cloud", "cloud", "cloud", "aer"]}, "09": {"max_ext": [0.00736, 0.00332, 0.00509, 0.00387, 0.0057, -99.0, -99.0, -99.0, -99.0, -99.0, -99.0, -99.0, -99.0, -99.0, -99.0, -99.0, -99.0, -99.0, -99.0, -99.0, -99.0, -99.0, -99.0, -99.0], "scene": ["cloud", "cloud", "cloud", "cloud", "cloud", "cloud", "cloud", "cloud", "cloud", "cloud", "cloud", "cloud", "cloud", "cloud", "cloud", "cloud", "cloud", "cloud", "cloud", "cloud", "cloud", "cloud", "cloud", "cloud"]}, "name": "Oslo", "16": {"max_ext": [0.00395, 0.0105, 0.0112, 0.04458, 0.01914, 0.015, 0.01715, 0.07751, 0.18606, 0.01984, 0.01343, 0.01724, 0.01412, 0.01208, 0.01053, 0.01081, 0.01073, 0.01146, 0.01361, -99.0, -99.0, -99.0, -99.0, -99.0], "scene": ["aer", "cloud", "cloud", "cloud", "cloud", "cloud", "cloud", "cloud", "cloud", "cloud", "cloud", "aer", "aer", "aer", "aer", "aer", "cloud", "cloud", "cloud", "cloud", "cloud", "cloud", "cloud", "cloud"]}, "31": {"max_ext": [-99.0, -99.0, -99.0, -99.0, -99.0, -99.0, -99.0, -99.0, -99.0, -99.0, -99.0, -99.0, -99.0, -99.0, -99.0, -99.0, -99.0, -99.0, -99.0, -99.0, -99.0, -99.0, -99.0, -99.0], "scene": ["cloud", "cloud", "cloud", "cloud", "cloud", "cloud", "cloud", "cloud", "cloud", "cloud", "cloud", "cloud", "cloud", "cloud", "cloud", "cloud", "cloud", "cloud", "cloud", "cloud", "cloud", "cloud", "cloud", "cloud"]}, "13": {"max_ext": [0.02618, 0.00622, 0.01011, 0.02239, 0.01562, 0.01561, 0.01708, 0.02137, 0.03342, 0.03222, 0.02151, 0.01622, 0.01638, 0.01067, 0.01057, 0.01139, 0.01279, 0.01349, 0.03083, 0.0854, -99.0, 0.02224, 0.16525, -99.0], "scene": ["cloud", "cloud", "cloud", "cloud", "cloud", "cloud", "aer", "aer", "aer", "cloud", "cloud", "cloud", "cloud", "cloud", "cloud", "cloud", "cloud", "cloud", "cloud", "cloud", "cloud", "cloud", "cloud", "cloud"]}, "03": {"max_ext": [-99.0, -99.0, -99.0, 0.04, 0.01135, -99.0, -99.0, -99.0, -99.0, -99.0, 0.00679, 0.0043, 0.04226, -99.0, 0.01445, 0.01413, 0.00955, 0.00587, 0.00507, 0.00997, 0.1052, -99.0, -99.0, 0.24635], "scene": ["cloud", "cloud", "cloud", "cloud", "cloud", "cloud", "cloud", "cloud", "cloud", "cloud", "cloud", "cloud", "cloud", "cloud", "cloud", "cloud", "cloud", "cloud", "cloud", "cloud", "cloud", "cloud", "cloud", "cloud"]}, "12": {"max_ext": [0.0023, 0.00385, 0.03089, 0.04548, -99.0, -99.0, 0.0041, 0.01076, 0.0144, 0.018, 0.01213, 0.01116, -99.0, 0.004, 0.00555, 0.00304, 0.08182, -99.0, -99.0, -99.0, -99.0, -99.0, -99.0, -99.0], "scene": ["cloud", "cloud", "cloud", "cloud", "cloud", "cloud", "cloud", "cloud", "cloud", "cloud", "cloud", "cloud", "cloud", "cloud", "cloud", "cloud", "cloud", "cloud", "cloud", "cloud", "cloud", "cloud", "cloud", "cloud"]}, "10": {"max_ext": [-99.0, -99.0, -99.0, -99.0, -99.0, -99.0, -99.0, -99.0, -99.0, -99.0, -99.0, -99.0, -99.0, -99.0, -99.0, -99.0, -99.0, -99.0, -99.0, -99.0, -99.0, -99.0, -99.0, -99.0], "scene": ["cloud", "cloud", "cloud", "cloud", "cloud", "cloud", "cloud", "cloud", "cloud", "cloud", "cloud", "cloud", "cloud", "cloud", "cloud", "cloud", "cloud", "cloud", "cloud", "cloud", "cloud", "cloud", "cloud", "cloud"]}, "15": {"max_ext": [0.00411, 0.00398, 0.00585, 0.00438, 0.00401, 0.00556, 0.00477, 0.00565, 0.00499, 0.00482, 0.00418, 0.00309, 0.00242, 0.00319, 0.00374, 0.00358, 0.00448, 0.00575, 0.00306, 0.00267, 0.00268, 0.00624, 0.0049, 0.00487], "scene": ["aer", "aer", "aer", "aer", "aer", "aer", "aer", "aer", "aer", "aer", "aer", "aer", "aer", "aer", "aer", "aer", "aer", "aer", "aer", "aer", "aer", "aer", "aer", "aer"]}, "25": {"max_ext": [-99.0, -99.0, -99.0, -99.0, -99.0, -99.0, -99.0, -99.0, -99.0, -99.0, -99.0, -99.0, -99.0, -99.0, -99.0, -99.0, -99.0, -99.0, -99.0, -99.0, -99.0, -99.0, -99.0, -99.0], "scene": ["cloud", "cloud", "cloud", "cloud", "cloud", "cloud", "cloud", "cloud", "cloud", "cloud", "cloud", "cloud", "cloud", "cloud", "cloud", "cloud", "cloud", "cloud", "cloud", "cloud", "cloud", "cloud", "cloud", "cloud"]}, "05": {"max_ext": [0.01173, 0.00899, 0.00866, 0.01118, 0.0089, 0.0114, 0.00818, 0.00791, 0.01351, 0.00698, 0.00737, 0.01636, 0.00799, 0.00762, 0.00511, 0.00859, 0.02867, 0.18137, 0.04331, 0.00358, -99.0, -99.0, 0.0059, 0.00555], "scene": ["cloud", "aer", "aer", "aer", "aer", "aer", "aer", "aer", "aer", "aer", "cloud", "cloud", "cloud", "aer", "aer", "cloud", "cloud", "cloud", "cloud", "cloud", "cloud", "cloud", "cloud", "cloud"]}, "lon": "10.75", "lat": "59.91", "22": {"max_ext": [-99.0, -99.0, -99.0, -99.0, -99.0, -99.0, -99.0, -99.0, -99.0, -99.0, -99.0, -99.0, -99.0, -99.0, -99.0, -99.0, -99.0, -99.0, -99.0, -99.0, -99.0, -99.0, -99.0, -99.0], "scene": ["cloud", "cloud", "cloud", "cloud", "cloud", "cloud", "cloud", "cloud", "cloud", "cloud", "cloud", "cloud", "cloud", "cloud", "cloud", "cloud", "cloud", "cloud", "cloud", "cloud", "cloud", "cloud", "cloud", "cloud"]}, "07": {"max_ext": [-99.0, -99.0, 0.09118, 0.00833, 0.00875, 0.00607, 0.0063, 0.00518, 0.00908, 0.00579, 0.006, 0.00688, 0.00424, 0.00683, 0.00688, 0.00526, 0.00672, 0.0078, 0.00789, 0.01132, 0.01454, 0.0159, 0.0196, 0.01864], "scene": ["cloud", "cloud", "cloud", "cloud", "cloud", "cloud", "cloud", "cloud", "cloud", "cloud", "aer", "aer", "aer", "aer", "aer", "aer", "aer", "aer", "cloud", "cloud", "cloud", "cloud", "cloud", "cloud"]}, "wav": "1064", "24": {"max_ext": [0.0026, 0.00259, 0.00232, 0.00315, 0.0031, 0.00288, 0.00313, 0.00368, 0.00431, 0.00272, 0.01137, 0.00242, 0.00184, 0.00494, 0.00264, 0.00295, -99.0, -99.0, -99.0, -99.0, -99.0, -99.0, -99.0, -99.0], "scene": ["cloud", "cloud", "cloud", "aer", "aer", "aer", "aer", "aer", "cloud", "cloud", "cloud", "cloud", "cloud", "cloud", "cloud", "cloud", "cloud", "cloud", "cloud", "cloud", "cloud", "cloud", "cloud", "cloud"]},